"97d44823-c767-4462-a29b-9e98fa0d1635", 0,   O_LARA
"51f43e45-e8c6-4cfe-b617-ed6aaef31206", 1,   O_LARA_PISTOLS
"f8a4f838-03c3-41d0-a9cd-53c197204d8d", 2,   O_LARA_SHOTGUN
"fe8c275a-21b3-4cb0-848c-f6c2bfb23e3b", 3,   O_LARA_MAGNUMS
"3f717540-868c-4ec3-bfad-c9555307fc5d", 4,   O_LARA_UZIS
"6125d0bf-c2d6-408e-a021-dc0824fc3610", 5,   O_LARA_EXTRA
"be77f79a-7370-40b8-b65e-6faf29c0df09", 6,   O_BACON_LARA
"6b3b8413-7ac3-4728-9e4b-e15e64e1e40c", 7,   O_WOLF
"fbf6c19f-80aa-4790-baba-9dadb09d4f82", 8,   O_BEAR
"3ae6ff9c-764a-4046-a86e-61aba16e1021", 9,   O_BAT
"06a5a713-196d-4882-9bcc-972edaeece9b", 10,  O_CROCODILE
"e856270c-be73-4ad0-ae97-e1667f1d28cc", 11,  O_ALLIGATOR
"6008b8ec-2e3e-4e80-aea0-367e13bd94cc", 12,  O_LION
"6e288f15-5ffd-4372-a7ce-5b885cf6f6c3", 13,  O_LIONESS
"c59411ad-eb3c-455f-bc57-662f3cad9f5e", 14,  O_PUMA
"40d8dd46-2db9-467d-9c5e-5b6dfc0b28d4", 15,  O_APE
"b09c58a9-d49f-4c8f-8d34-bdba03c322f1", 16,  O_RAT
"f266a929-f00a-4316-ae3b-5ae0edc8398a", 17,  O_VOLE
"48561bcc-3317-4c36-b2a5-886c4a5c8ff9", 18,  O_TREX
"73a7447b-7cdd-47f8-9c56-cd6bd2304c9d", 19,  O_RAPTOR
"00834497-ddd6-4915-8f03-1e6de3efc0b6", 20,  O_WARRIOR_1
"e5d0b871-47d8-4e33-a9cf-e9e1cda7dfad", 21,  O_WARRIOR_2
"7d45ade0-09de-4f46-9984-be9d59407c21", 22,  O_WARRIOR_3
"b1640180-b62c-4c40-a475-ccb0b3057aea", 23,  O_CENTAUR
"8d4e7f07-9f94-4bb2-8f89-2bf600bc653c", 24,  O_MUMMY
"30f00d59-25ea-4f34-bcf1-4aad1c464289", 25,  O_DINO_WARRIOR
"14465e0b-2ed1-405f-b901-6da6a10cfa39", 26,  O_FISH
"a56c833a-c365-48b0-97f5-4d2a484e75a4", 27,  O_LARSON
"82da4510-0afa-40b0-b2f5-67ccc3fd655f", 28,  O_PIERRE
"abeec2a5-37ab-4e9d-a766-9a2c02bc6c65", 29,  O_SKATEBOARD
"e7ee6a09-ac92-4d57-9beb-fcb08e80e666", 30,  O_SKATEKID
"3e75681e-890d-4dc3-a029-c9107beef895", 31,  O_COWBOY
"672a1d77-3853-4390-958d-d1eee85423e2", 32,  O_BALDY
"56b3f702-b68e-4fe5-9898-b1f07795df7f", 33,  O_NATLA
"31880772-ada3-4047-bdfb-47b47af4b66f", 34,  O_TORSO
"771db1ae-6da9-4b5d-b630-fb6049b63037", 35,  O_FALLING_BLOCK_1
"e5417d79-52c7-4473-9c2a-d1a5b3364367", 36,  O_PENDULUM_1
"5cc3b431-1ef5-49b2-9ce6-dc860cd34d6e", 37,  O_SPIKES
"59e23772-d32b-467d-8118-287e47dec14b", 38,  O_ROLLING_BALL_1
"7bee8ead-e0c9-47c0-ad42-75cb3a2abf42", 39,  O_DART
"b9a3e7c2-1dc7-4ee4-bb5b-365978eaae27", 40,  O_DART_EMITTER
"92da0a89-b7ec-496f-88a0-1385d2e70d26", 41,  O_DRAWBRIDGE
"2be43b4d-2b0d-450f-b1aa-cddc3cacdd3f", 42,  O_TEETH_TRAP
"f655f424-e954-40d1-852d-7f4a464980de", 43,  O_DAMOCLES_SWORD
"5ca53d68-9de2-4318-a3a8-ff541c124ede", 44,  O_THORS_HANDLE
"01e8b1fb-7787-4523-ae67-5a7873d6e60b", 45,  O_THORS_HEAD
"042d193b-0bb1-4c92-bce3-62a5f275a0f2", 46,  O_LIGHTNING_EMITTER
"7c5788f6-a340-4d44-bc4a-8f6dfa28668d", 47,  O_MOVING_BAR
"5d042b09-0f17-453f-a287-d67932b368db", 48,  O_MOVABLE_BLOCK_1
"f13e7605-1c8e-4add-ad26-063e0f7e868f", 49,  O_MOVABLE_BLOCK_2
"99135621-878d-4d90-9041-fcbe5af6e8d0", 50,  O_MOVABLE_BLOCK_3
"e5756e2b-6bb5-4eba-8440-89b74f96469b", 51,  O_MOVABLE_BLOCK_4
"d9f51434-7da1-424d-a96b-0ca556b10b6d", 52,  O_SLIDING_PILLAR
"5baff610-6be3-4764-abe4-4b17e45813f7", 53,  O_FALLING_CEILING_1
"6e6534b6-7b3f-4c1a-9c2c-3a721269ed89", 54,  O_FALLING_CEILING_2
"43146358-1a14-476d-bbe3-11f91e68b09d", 55,  O_SWITCH_TYPE_NORMAL
"f32c08ce-8b8a-47dc-9d65-a1d9f8e1283c", 56,  O_SWITCH_TYPE_UW
"00bc0e14-6411-4d22-9443-652fd31e5265", 57,  O_DOOR_TYPE_1
"4af2b48b-2e7d-48ac-97a5-defcc1fe429c", 58,  O_DOOR_TYPE_2
"014eff68-e091-4b79-9e31-8e39e7ffea1c", 59,  O_DOOR_TYPE_3
"5a85f9b3-50a3-49bf-9a5c-6731182d3e97", 60,  O_DOOR_TYPE_4
"9e86a99a-0d12-4619-a85b-4339e9010a00", 61,  O_DOOR_TYPE_5
"e2178da4-1eb8-40e4-9dcd-d196bb60791c", 62,  O_DOOR_TYPE_6
"13613f5d-93f8-4188-bdfa-8ea2c3f8f419", 63,  O_DOOR_TYPE_7
"da702fac-1ead-4d6f-9efc-0dedced679a9", 64,  O_DOOR_TYPE_8
"63eecf12-7efc-4896-a867-db9846efacff", 65,  O_TRAPDOOR_TYPE_1
"8bfad768-43ee-42c3-9a71-023bbb2fe03f", 66,  O_TRAPDOOR_TYPE_2
"11b0a733-a7ae-4395-926b-2be4f22c9525", 67,  O_TRAPDOOR_TYPE_3
"202e8b28-df7e-4d1c-aab9-31805eb079e2", 68,  O_BRIDGE_FLAT
"665e0462-2921-4a63-946d-f2410319ad22", 69,  O_BRIDGE_TILT_1
"f1ee4a7e-c879-4831-942b-aa1d3b496936", 70,  O_BRIDGE_TILT_2
"e6842379-7041-4faa-98ea-8a0181d3064c", 71,  O_PASSPORT_OPTION
"5fd00b18-8405-49a0-b5bb-7137c2b9d5ef", 72,  O_COMPASS_OPTION
"52af777a-2e36-48e9-933a-f7350f56573f", 73,  O_PHOTO_OPTION
"9c75ab13-62f9-4b6c-b183-d4adb03537a7", 74,  O_COG_1
"bdebbc27-58fb-4156-9117-46bffb4f34fb", 75,  O_COG_2
"78502bd7-cbf9-4a6b-8d05-58107ed95db0", 76,  O_COG_3
"c4f95631-4ff5-4150-8a05-a10e99c61a09", 77,  O_PLAYER_1
"c48f9fa9-f9c9-49cf-87d3-7b08cd895ff7", 78,  O_PLAYER_2
"215a5e49-8c46-4bfb-9266-a43f9f55cd76", 79,  O_PLAYER_3
"ebc998ac-3508-42cf-9b50-7823b1925909", 80,  O_PLAYER_4
"c5dc7ce4-733a-4778-a4a1-7f71d7587463", 81,  O_PASSPORT_CLOSED
"9144aa4b-a24e-4f09-8701-528d72dd7afa", 82,  O_MAP_OPTION
"dd0a2485-cc2c-4821-b8a8-9bfb598891a7", 83,  O_SAVEGAME_ITEM
"fdafc406-962b-4459-8708-0f9079145022", 84,  O_PISTOL_ITEM
"2d05ad4f-72b2-4213-bbe2-fbe9e03511e4", 85,  O_SHOTGUN_ITEM
"bad849d7-27a3-440d-8a4d-93df5fae21b8", 86,  O_MAGNUM_ITEM
"c64b18f3-8ba7-4e8d-a7df-f6bc0b9213f1", 87,  O_UZI_ITEM
"561c7912-82f6-4f69-bd46-0a08f1260d41", 88,  O_PISTOL_AMMO_ITEM
"0f681b9e-55c3-437c-9747-810474dbca58", 89,  O_SHOTGUN_AMMO_ITEM
"9746f72c-bd15-4b46-97eb-7e1e3fec574e", 90,  O_MAGNUM_AMMO_ITEM
"e87441d8-aeda-426a-a78c-632407e62a60", 91,  O_UZI_AMMO_ITEM
"47017049-a465-4721-a3ac-38d75871610d", 92,  O_EXPLOSIVE_ITEM
"7ba84611-664e-4439-8d79-154bc6b43155", 93,  O_SMALL_MEDIPACK_ITEM
"111f8469-8406-45df-8bf1-6650c260e83f", 94,  O_LARGE_MEDIPACK_ITEM
"06ec5004-a983-47ad-90c3-f725d5266a89", 95,  O_DETAIL_OPTION
"1e056191-daf8-4d65-a086-b2e91fa93f58", 96,  O_SOUND_OPTION
"1347728f-3657-4a06-871f-6705cfd61b4b", 97,  O_CONTROL_OPTION
"25fdd824-c3a5-4832-9c84-927d348a5f79", 98,  O_GAMMA_OPTION
"510cba73-4052-4a4c-86ee-d570b61da5f4", 99,  O_PISTOL_OPTION
"be1d23f2-3ed1-4c9f-98f2-e72bc31f9f62", 100, O_SHOTGUN_OPTION
"a8c8c206-13a0-4b98-ad74-b0a25fda15d4", 101, O_MAGNUM_OPTION
"95a1ed46-9281-4eec-a901-b18813b87229", 102, O_UZI_OPTION
"6532b16e-3774-42e7-9032-de5b2313fc97", 103, O_PISTOL_AMMO_OPTION
"dfcb51cf-423d-44a7-8b29-f2bca97d4640", 104, O_SHOTGUN_AMMO_OPTION
"17315098-43bd-4ba2-b418-a70c23a40e96", 105, O_MAGNUM_AMMO_OPTION
"f685a84d-953b-4d87-b618-a26930da8aeb", 106, O_UZI_AMMO_OPTION
"be8c4f89-2a43-45fe-b1e5-f4c0bb890631", 107, O_EXPLOSIVE_OPTION
"5b9306af-34a1-4feb-87f3-0e673576ca94", 108, O_SMALL_MEDIPACK_OPTION
"172e7bb5-11a0-4290-a902-0a39144ff31b", 109, O_LARGE_MEDIPACK_OPTION
"26b8f2ee-b118-44db-9a87-082167a8fbfd", 110, O_PUZZLE_ITEM_1
"f2f7055f-be1e-4328-9937-228f43918097", 111, O_PUZZLE_ITEM_2
"c5cd2ba4-135f-4ebf-8161-ce5d0046ae33", 112, O_PUZZLE_ITEM_3
"3f7218ad-c3e3-42b5-9074-47336be95e45", 113, O_PUZZLE_ITEM_4
"a465937f-0c9c-4e95-8725-bfe36f620e67", 114, O_PUZZLE_OPTION_1
"034c8053-e684-418d-a36b-4b8de8fd7c1e", 115, O_PUZZLE_OPTION_2
"ca7e75dd-9a8e-4a45-8133-12a9da3dc9cb", 116, O_PUZZLE_OPTION_3
"fd2862c7-ffde-425f-aee9-07f01b37bd9f", 117, O_PUZZLE_OPTION_4
"8af9d686-c63c-4078-bf59-3c2e73c20376", 118, O_PUZZLE_HOLE_1
"260ab793-e321-4037-a991-6e23014794f0", 119, O_PUZZLE_HOLE_2
"72f0fb0d-66af-489a-a4ee-5decadea6610", 120, O_PUZZLE_HOLE_3
"fff3a65e-a7fa-4309-a0ee-ca2daaaf68ee", 121, O_PUZZLE_HOLE_4
"75412451-8713-42c2-ac5c-4be060e1c201", 122, O_PUZZLE_DONE_1
"8fc74d9c-1335-4a09-92d2-e5aed59c468b", 123, O_PUZZLE_DONE_2
"d2692251-fcbc-4b1e-b3f6-7b7b8eac0ac5", 124, O_PUZZLE_DONE_3
"ade34391-7fc3-4ce6-a1c4-497e2c535c87", 125, O_PUZZLE_DONE_4
"0ef90b79-12f0-4ff9-9953-e60722fd8667", 126, O_LEADBAR_ITEM
"2851be3a-4e36-48a9-8d51-5cd11d6c7f13", 127, O_LEADBAR_OPTION
"a4728a99-2f3e-4901-98f7-54206c166035", 128, O_MIDAS_TOUCH
"b2b96ddc-98a3-4081-a451-578c874bce8a", 129, O_KEY_ITEM_1
"7f4ebec7-69e2-43fd-94fb-68989c268af3", 130, O_KEY_ITEM_2
"94931f89-d341-46e3-91b1-5597c4f44218", 131, O_KEY_ITEM_3
"68121dd7-7733-4cb7-87af-11cac1953ee3", 132, O_KEY_ITEM_4
"d7b65550-d348-4df7-bb86-04d95846498f", 133, O_KEY_OPTION_1
"67c7eca1-bd78-4b98-bf03-1e2c9af2f722", 134, O_KEY_OPTION_2
"d0b95e5a-01fd-4bf1-b25c-a59d8be68fc7", 135, O_KEY_OPTION_3
"99fda6e4-d033-4b5f-a75a-bcd7d3fd35b3", 136, O_KEY_OPTION_4
"aec5244e-23cf-4721-91fc-bf97948a77fc", 137, O_KEY_HOLE_1
"96bcb426-0a5a-4d1e-b14b-1c6327ce662e", 138, O_KEY_HOLE_2
"386383e6-17fe-4a32-9158-12ca09506940", 139, O_KEY_HOLE_3
"ac829a11-b517-4ff6-9055-d6da991e4f54", 140, O_KEY_HOLE_4
"391cdaa7-5874-4ae2-9c8d-8ea98b5c60a1", 141, O_PICKUP_ITEM_1
"0d7153fb-5dd6-4139-aa90-aa5a2e02cc99", 142, O_PICKUP_ITEM_2
"50948644-c47d-4e01-b4ac-1424b8dcce01", 143, O_SCION_ITEM_1
"ae54fe6a-51a9-4b3b-9965-10bf8294c4dd", 144, O_SCION_ITEM_2
"4ebf801a-f611-4fbb-ad43-56e462c94d16", 145, O_SCION_ITEM_3
"32c0d359-ddcd-47d6-9957-90b69f18d572", 146, O_SCION_ITEM_4
"d23d9166-3de2-4d51-a855-ec26b5f8176d", 147, O_SCION_HOLDER
"0416a267-8a08-499d-bac0-17bd3aa7a7e5", 148, O_PICKUP_OPTION_1
"66ef1ea8-667d-477f-b273-950be559db0a", 149, O_PICKUP_OPTION_2
"421f90fe-2adf-42d1-9378-5cc21c09f822", 150, O_SCION_OPTION
"a658f9a5-9a6a-40da-a6b2-66c638a1c429", 151, O_EXPLOSION_1
"0a5e7af5-5d35-483e-95c7-81c8196accec", 152, O_EXPLOSION_2
"75ea0b11-92fc-4c24-83e8-46824147444e", 153, O_SPLASH_1
"fafcc14a-d5ba-4fc0-a605-d74f46dc5daf", 154, O_SPLASH_2
"5130543d-02d0-4cb6-b2db-223dfa4c63ad", 155, O_BUBBLE_1
"b5993840-225a-4288-a707-8a0601e2cc84", 156, O_BUBBLE_2
"7fd62868-0156-4877-9a11-e63446e735cd", 157, O_BUBBLE_EMITTER
"f2e6f8c9-d17d-4b86-9848-8901eb56bb20", 158, O_BLOOD_1
"49b9420c-196d-45f2-b748-a84b8814a88a", 159, O_BLOOD_2
"952ddbd9-2ac3-4077-8795-f6290d6a974b", 160, O_DART_EFFECT
"f3ce37bf-2fc0-40c7-8964-bd7d60cddf0f", 161, O_CENTAUR_STATUE
"64dfb232-0406-4eb0-ba1d-3ae92a0caa66", 162, O_PORTACABIN
"7a227190-81cf-40e4-a031-76fa01215de5", 163, O_PODS
"227f8fb7-c865-481d-a4ca-f3838623aec8", 164, O_RICOCHET
"3c9f849a-26f1-44b2-bfcb-feb72c940a44", 165, O_TWINKLE
"3f216655-f4e0-488e-922b-f8feadcf7b72", 166, O_GUN_FLASH
"60319f24-813f-44af-b6a8-dbf4fafd3183", 167, O_DUST
"e4020de9-8cce-4ab1-909b-c901b7a6e7b9", 168, O_BODY_PART
"78fb5789-7726-4aa8-a5f3-38e5e5390652", 169, O_CAMERA_TARGET
"44200a2d-bc77-4ad2-93c8-4eb7d0cb48cf", 170, O_WATERFALL
"265c5ff1-54bc-483c-ab63-d09c2c7e0af7", 171, O_MISSILE_1
"a7d06353-d634-4416-b8a2-320bde77cc9d", 172, O_MISSILE_2
"0ffbd545-3938-496d-b9eb-d764efbbdd62", 173, O_MISSILE_3
"617b1653-5805-4b17-919a-6e116eed7de9", 174, O_MISSILE_4
"8e745a7d-1a99-4eb8-b086-e2dc65fe6998", 175, O_MISSILE_5
"09ccc3a9-bafb-4828-b72b-e4dd716f23c9", 176, O_EMBER
"fd00cad9-fd2d-4854-a292-cc353c028989", 177, O_EMBER_EMITTER
"7283bb2b-591a-45a9-a472-e6f81ec685c0", 178, O_FLAME
"d7e03faa-ad24-4882-ac09-d7bc4fa2d254", 179, O_FLAME_EMITTER
"310c0878-a7f3-460b-a0af-73300ef6deb1", 180, O_LAVA_WEDGE
"6c238f7c-06bf-4e28-b84d-7eb3a143e309", 181, O_BIG_POD
"33fa0c2e-f1da-4a7d-9a04-9cc1359ed7bc", 182, O_MOTOR_BOAT
"78bde34c-13f0-4fb0-8407-c7dfc3c2e3fb", 183, O_EARTHQUAKE
"afd18121-d296-4f62-a3f3-90d30814608f", 184, O_SKYBOX
"1fd2c751-edf9-42eb-a826-e4858f18a4e6", 185, O_PICKUP_AID
"20d74920-e6ff-4fa1-9751-3e7e971b5e60", 186, O_GLOW
"29c46fac-be6b-4730-960a-3bea63e0a686", 187, O_TEMP_8
"5313b99b-7041-41e3-ad15-1eefb00c0e1b", 188, O_TEMP_9
"7174e4d8-0eab-4093-a934-4cbaab87c63c", 189, O_LARA_HAIR
"149342e7-e5ee-4911-ada2-6cdaacb8043b", 190, O_ALPHABET
